{
  "accuracy": 0.3911086100168824,
  "classes": [
    0,
    1,
    2,
    3,
    4,
    5,
    6,
    7,
    8,
    9,
    10,
    11
  ],
  "classification_report": {
    "0": {
      "f1-score": 0.4069264069264069,
      "precision": 0.3643410852713178,
      "recall": 0.46078431372549017,
      "support": 306.0
    },
    "1": {
      "f1-score": 0.03389830508474576,
      "precision": 0.3333333333333333,
      "recall": 0.017857142857142856,
      "support": 56.0
    },
    "10": {
      "f1-score": 0.574585635359116,
      "precision": 0.5435540069686411,
      "recall": 0.609375,
      "support": 256.0
    },
    "11": {
      "f1-score": 0.41939711664482304,
      "precision": 0.31620553359683795,
      "recall": 0.622568093385214,
      "support": 257.0
    },
    "2": {
      "f1-score": 0.1360544217687075,
      "precision": 0.29411764705882354,
      "recall": 0.08849557522123894,
      "support": 113.0
    },
    "3": {
      "f1-score": 0.0,
      "precision": 0.0,
      "recall": 0.0,
      "support": 24.0
    },
    "4": {
      "f1-score": 0.36082474226804123,
      "precision": 0.3954802259887006,
      "recall": 0.33175355450236965,
      "support": 422.0
    },
    "5": {
      "f1-score": 0.0,
      "precision": 0.0,
      "recall": 0.0,
      "support": 61.0
    },
    "6": {
      "f1-score": 0.0,
      "precision": 0.0,
      "recall": 0.0,
      "support": 26.0
    },
    "7": {
      "f1-score": 0.0,
      "precision": 0.0,
      "recall": 0.0,
      "support": 22.0
    },
    "8": {
      "f1-score": 0.25287356321839083,
      "precision": 0.6111111111111112,
      "recall": 0.15942028985507245,
      "support": 69.0
    },
    "9": {
      "f1-score": 0.45103857566765576,
      "precision": 0.4418604651162791,
      "recall": 0.46060606060606063,
      "support": 165.0
    },
    "accuracy": 0.3911086100168824,
    "macro avg": {
      "f1-score": 0.21963323057815728,
      "precision": 0.27500028403708704,
      "recall": 0.22923833584604905,
      "support": 1777.0
    },
    "weighted avg": {
      "f1-score": 0.3606126049398362,
      "precision": 0.37466025862339947,
      "recall": 0.3911086100168824,
      "support": 1777.0
    }
  },
  "macro_f1": 0.21963323057815728,
  "n_test": 1777
}
