{
  "accuracy": 0.3860438942037141,
  "classes": [
    0,
    1,
    2,
    3,
    4,
    5,
    6,
    7,
    8,
    9,
    10,
    11
  ],
  "classification_report": {
    "0": {
      "f1-score": 0.3407917383820998,
      "precision": 0.36,
      "recall": 0.3235294117647059,
      "support": 306.0
    },
    "1": {
      "f1-score": 0.18803418803418803,
      "precision": 0.18032786885245902,
      "recall": 0.19642857142857142,
      "support": 56.0
    },
    "10": {
      "f1-score": 0.5948717948717949,
      "precision": 0.5288753799392097,
      "recall": 0.6796875,
      "support": 256.0
    },
    "11": {
      "f1-score": 0.44293015332197616,
      "precision": 0.3939393939393939,
      "recall": 0.5058365758754864,
      "support": 257.0
    },
    "2": {
      "f1-score": 0.19767441860465115,
      "precision": 0.288135593220339,
      "recall": 0.1504424778761062,
      "support": 113.0
    },
    "3": {
      "f1-score": 0.0,
      "precision": 0.0,
      "recall": 0.0,
      "support": 24.0
    },
    "4": {
      "f1-score": 0.386052303860523,
      "precision": 0.4068241469816273,
      "recall": 0.36729857819905215,
      "support": 422.0
    },
    "5": {
      "f1-score": 0.12244897959183673,
      "precision": 0.16216216216216217,
      "recall": 0.09836065573770492,
      "support": 61.0
    },
    "6": {
      "f1-score": 0.13636363636363635,
      "precision": 0.16666666666666666,
      "recall": 0.11538461538461539,
      "support": 26.0
    },
    "7": {
      "f1-score": 0.1,
      "precision": 0.07894736842105263,
      "recall": 0.13636363636363635,
      "support": 22.0
    },
    "8": {
      "f1-score": 0.26356589147286824,
      "precision": 0.2833333333333333,
      "recall": 0.2463768115942029,
      "support": 69.0
    },
    "9": {
      "f1-score": 0.4115942028985507,
      "precision": 0.39444444444444443,
      "recall": 0.4303030303030303,
      "support": 165.0
    },
    "accuracy": 0.3860438942037141,
    "macro avg": {
      "f1-score": 0.2653606089501771,
      "precision": 0.270304696496724,
      "recall": 0.270834322043926,
      "support": 1777.0
    },
    "weighted avg": {
      "f1-score": 0.37450626290809014,
      "precision": 0.3723845778765145,
      "recall": 0.3860438942037141,
      "support": 1777.0
    }
  },
  "macro_f1": 0.2653606089501771,
  "n_test": 1777
}
