{
  "accuracy": 0.4079909960607766,
  "classes": [
    0,
    1,
    2,
    3,
    4,
    5,
    6,
    7,
    8,
    9,
    10,
    11
  ],
  "classification_report": {
    "0": {
      "f1-score": 0.4111600587371512,
      "precision": 0.37333333333333335,
      "recall": 0.45751633986928103,
      "support": 306.0
    },
    "1": {
      "f1-score": 0.056338028169014086,
      "precision": 0.13333333333333333,
      "recall": 0.03571428571428571,
      "support": 56.0
    },
    "10": {
      "f1-score": 0.5978260869565217,
      "precision": 0.5574324324324325,
      "recall": 0.64453125,
      "support": 256.0
    },
    "11": {
      "f1-score": 0.4253028263795424,
      "precision": 0.32510288065843623,
      "recall": 0.6147859922178989,
      "support": 257.0
    },
    "2": {
      "f1-score": 0.14084507042253522,
      "precision": 0.3448275862068966,
      "recall": 0.08849557522123894,
      "support": 113.0
    },
    "3": {
      "f1-score": 0.0,
      "precision": 0.0,
      "recall": 0.0,
      "support": 24.0
    },
    "4": {
      "f1-score": 0.4005102040816326,
      "precision": 0.43370165745856354,
      "recall": 0.37203791469194314,
      "support": 422.0
    },
    "5": {
      "f1-score": 0.0,
      "precision": 0.0,
      "recall": 0.0,
      "support": 61.0
    },
    "6": {
      "f1-score": 0.0,
      "precision": 0.0,
      "recall": 0.0,
      "support": 26.0
    },
    "7": {
      "f1-score": 0.0,
      "precision": 0.0,
      "recall": 0.0,
      "support": 22.0
    },
    "8": {
      "f1-score": 0.24175824175824176,
      "precision": 0.5,
      "recall": 0.15942028985507245,
      "support": 69.0
    },
    "9": {
      "f1-score": 0.4837758112094395,
      "precision": 0.47126436781609193,
      "recall": 0.49696969696969695,
      "support": 165.0
    },
    "accuracy": 0.4079909960607766,
    "macro avg": {
      "f1-score": 0.22979302730950654,
      "precision": 0.26158296593659064,
      "recall": 0.23912261204495142,
      "support": 1777.0
    },
    "weighted avg": {
      "f1-score": 0.37858826044035826,
      "precision": 0.38390942435404385,
      "recall": 0.4079909960607766,
      "support": 1777.0
    }
  },
  "macro_f1": 0.22979302730950654,
  "n_test": 1777
}
